text,label
"Photosynthesis allows plants to convert solar energy into chemical food. The green pigment chlorophyll captures sunlight effectively during the day. Water and carbon dioxide are essential reactants in this process. Oxygen is released into the atmosphere as a helpful byproduct. Cellular respiration in animals uses oxygen to break down sugars. Mitochondria generate usable energy molecules called ATP for the cell. DNA molecules contain the genetic instructions for all living organisms. Proteins are synthesized by ribosomes reading these specific genetic codes. Evolution by natural selection explains the diversity of life forms. Ecosystems maintain a delicate balance between predators, prey, and producers.",Google
The human immune system defends the body against harmful pathogens. White blood cells identify and destroy invading bacteria and viruses. Antibodies are specialized proteins created to neutralize very specific threats. Vaccines train the immune system to recognize future viral infections. The lymphatic system transports fluids and immune cells throughout tissues. Inflammation is a natural response to injury or cellular damage. Fevers can inhibit the reproduction rates of many dangerous bacteria. Autoimmune diseases occur when the body attacks its own cells. Proper nutrition and sleep strongly support optimal immune system function. Memory cells provide long lasting immunity after an initial infection.,Google
"The human brain contains roughly eighty billion interconnected nerve cells. Neurons communicate via electrical impulses and chemical signals across synapses. The cerebral cortex is responsible for higher level cognitive functions. The cerebellum coordinates voluntary movements and helps maintain physical balance. The brainstem controls essential automatic functions like breathing and heartbeat. Neurotransmitters like dopamine regulate mood, motivation, and subjective reward feelings. Plasticity allows the brain to adapt and rewire throughout life. Memory formation involves strengthening the connections between frequently active neurons. Sleep is absolutely crucial for memory consolidation and brain health. Damage to specific brain regions can cause distinct functional deficits.",Google
"The theory of evolution forms the foundation of modern biology. Charles Darwin proposed natural selection as the primary evolutionary mechanism. Organisms with advantageous traits are more likely to survive longer. These survivors pass their beneficial genes to their subsequent offspring. Over many generations, species adapt more closely to their environments. Genetic mutations provide the raw material for new physical traits. Fossil records show a clear progression of ancient life forms. Homologous structures indicate common ancestry among very different animal species. Geographic isolation can lead to the formation of new species. Convergent evolution produces similar traits in completely unrelated wild organisms.",Google
The circulatory system pumps blood throughout the entire human body. The heart is a powerful muscle containing four distinct chambers. Arteries carry oxygenated blood away from the pumping heart muscle. Veins return deoxygenated blood back toward the central heart organ. Capillaries are tiny vessels where gas exchange occurs within tissues. Red blood cells contain hemoglobin to effectively transport vital oxygen. Blood pressure measures the force exerted on the artery walls. A healthy diet and regular exercise promote good cardiovascular health. High cholesterol can lead to dangerous blockages within the arteries. Oxygen delivery is essential for sustaining active cellular metabolic processes.,Google
Ecology is the study of interactions between organisms and environments. An ecosystem includes both living biological factors and nonliving components. Producers like plants create their own food using incoming sunlight. Consumers eat other living organisms to obtain necessary daily energy. Decomposers break down dead matter and recycle nutrients into soil. Food webs illustrate the complex feeding relationships within an ecosystem. Keystone species have a disproportionately large impact on their environment. Biodiversity refers to the incredible variety of life on Earth. Habitat destruction is a major leading cause of species extinction. Conservation efforts aim to protect vulnerable ecosystems from human damage.,Google
Genetics is the scientific study of heredity and inherited variation. Genes are segments of DNA that code for specific proteins. Alleles are different versions of a single specific inherited gene. Gregor Mendel discovered the fundamental laws of basic genetic inheritance. Dominant traits mask the physical expression of recessive genetic traits. A genotype represents the exact genetic makeup of an organism. The phenotype is the observable physical manifestation of these genes. Genetic engineering allows scientists to directly modify an organism's DNA. CRISPR technology has revolutionized the precision of modern gene editing. Human DNA is organized into exactly twenty three chromosome pairs.,Google
The digestive system breaks down food into usable nutritional components. Digestion begins in the mouth with chewing and salivary enzymes. The stomach uses strong acids to further dissolve ingested meals. The small intestine is where most nutrient absorption actually occurs. Villi line the intestinal walls to increase the surface area. The large intestine absorbs water and forms solid waste matter. The liver produces bile to help digest complex dietary fats. The pancreas releases crucial enzymes and regulates blood sugar levels. A healthy gut microbiome is vital for proper digestive function. Dietary fiber is necessary for maintaining regular bowel movement health.,Google
"Cell division is absolutely necessary for growth and tissue repair. Mitosis produces two identical daughter cells from one parent cell. The cell cycle consists of distinct growth and division phases. DNA replication occurs before the cell actually begins to divide. Prophase marks the visible condensation of chromosomes within the nucleus. During metaphase, chromosomes align perfectly along the central cell equator. Anaphase pulls the sister chromatids apart toward opposite cell poles. Telophase involves the formation of two distinct new nuclear membranes. Cytokinesis ultimately splits the cellular cytoplasm into two separate entities. Uncontrolled cell division can lead to the formation of tumors.",Google
Botany is the scientific branch focused entirely on plant life. Roots anchor plants and absorb essential water from the soil. Stems provide structural support and transport vital nutrients and water. Leaves are the primary biological sites for capturing incoming sunlight. Flowers contain the reproductive organs necessary for creating new seeds. Pollination occurs when wind or insects transfer pollen between flowers. Seeds contain plant embryos and a small initial food supply. Germination is the process where a seed sprouts into life. Deciduous trees lose their leaves during the colder winter months. Evergreen plants maintain their green foliage throughout the entire year.,Google
Classical mechanics describes the physical motion of macroscopic solid objects. Sir Isaac Newton formulated the three fundamental laws of motion. The first law states that objects maintain their current velocity. The second law defines force as mass multiplied by acceleration. The third law dictates that actions have equal opposite reactions. Gravity is a universal attractive force between all massive bodies. Friction strongly resists the relative motion between two touching surfaces. Kinetic energy is the energy possessed by a moving object. Potential energy is stored energy based on an object's position. Momentum is the product of mass and its moving velocity.,Google
Thermodynamics focuses on the complex relationship between heat and energy. Temperature measures the average kinetic energy of particles within matter. The first law states that total energy remains constantly conserved. Energy can change forms but cannot be created or destroyed. The second law introduces the concept of ever increasing entropy. Entropy is a definitive measure of disorder within a system. Heat naturally flows from hotter objects to much colder objects. Absolute zero is the theoretical temperature where all motion stops. Conduction transfers heat through direct physical contact between solid materials. Convection moves heat through the continuous circulation of fluids globally.,Google
Electromagnetism explores the interaction between electric currents and magnetic fields. Electric charges create fields that exert forces on other charges. Opposite charges attract while identical charges strongly repel each other. Voltage acts as the pushing pressure driving electric current forward. Resistance reduces the free flow of electrons within a circuit. Magnetic fields are generated by the movement of electrical charges. Moving magnets can induce an electric current in nearby wires. Maxwell developed four equations to summarize all classic electromagnetic phenomena. Light is an oscillating wave of electric and magnetic fields. Transformers use induction to efficiently change voltage levels in circuits.,Google
"Quantum mechanics explains the strange behavior of very small particles. At the subatomic level, energy exists in discrete little packets. Photons are the fundamental massless particles that completely comprise light. Wave particle duality suggests particles can exhibit wavelike physical properties. The uncertainty principle states we cannot know exact particle positions. Superposition allows quantum systems to exist in multiple states simultaneously. Entanglement links the physical states of two widely separated particles. Erwin Schrodinger used a famous thought experiment involving a cat. Quantum tunneling enables particles to pass through solid energy barriers. Modern electronics totally rely on deep understanding of quantum phenomena.",Google
Relativity fundamentally altered our understanding of both space and time. Albert Einstein published the special theory of relativity very early. The speed of light remains constant for all moving observers. Time dilation causes moving clocks to tick slower than stationary. Length contraction shortens moving objects along their direction of motion. The famous equation relates mass directly to total stored energy. General relativity describes massive gravity as a curvature in spacetime. Massive bodies like stars warp the flexible fabric of spacetime. Black holes have gravity so strong that light cannot escape. Gravitational waves are tiny ripples traveling through the cosmic vacuum.,Google
Optics is the physical study of light and its behavior. Reflection occurs when light bounces directly off a smooth surface. Refraction bends light as it passes between two different mediums. Lenses can focus or disperse incoming rays of bright light. Convex lenses converge light to a specific single focal point. Concave lenses spread incoming light outwards in a divergent pattern. The visible light spectrum contains all colors of the rainbow. Dispersion separates plain white light into its component distinct colors. Fiber optics transmit data using total internal reflection of light. Lasers produce a highly focused and intense beam of light.,Google
Acoustics is the scientific discipline dedicated to studying sound waves. Sound requires a physical medium to propagate and travel through. It travels as longitudinal pressure waves through air or water. The frequency of a sound wave completely determines its pitch. High frequency waves produce what we hear as high pitches. Amplitude relates directly to the perceived loudness of a sound. The Doppler effect changes the pitch of a moving sound. Resonance occurs when an object vibrates at its natural frequency. Ultrasound uses incredibly high frequencies beyond human auditory hearing limits. Sonar technology uses reflected sound waves to map underwater environments.,Google
Nuclear physics examines the core components of the atomic nucleus. Protons and neutrons are bound together by the strong force. Isotopes are atoms possessing different numbers of heavy core neutrons. Radioactive decay happens when an unstable nucleus releases energetic particles. Alpha particles consist of exactly two protons and two neutrons. Beta decay transforms a core neutron straight into a proton. Gamma rays are highly energetic emissions of penetrating electromagnetic radiation. Nuclear fission splits heavy atomic nuclei to release massive energy. Nuclear fusion combines very light nuclei inside incredibly hot stars. Half life measures time for half a radioactive sample decaying.,Google
Fluid dynamics studies the continuous flow of liquids and gases. Density measures the amount of physical mass per unit volume. Pressure is the force applied evenly over a specific area. Buoyancy determines whether a solid object will float or sink. Archimedes principle explains the upward buoyant force on submerged objects. Viscosity is a measure of a fluid resisting internal flow. Bernoulli's principle relates fluid speed directly to its internal pressure. Faster moving fluids generally exert less pressure on their surroundings. Aerodynamics applies these core principles to predict the flight physics. Turbulence occurs when fluid flow becomes highly chaotic and unpredictable.,Google
Astrophysics applies physical laws to understand the vast observable universe. Stars generate heat and light through intense internal nuclear fusion. The Hertzsprung Russell diagram effectively categorizes stars by their temperature. Supernovae are explosive deaths of incredibly massive and old stars. Galaxies are immense collections of stars held together by gravity. The Big Bang theory explains the explosive origin of everything. The expanding universe carries distant galaxies farther away from us. Dark matter exerts gravitational pull but remains completely completely invisible. Dark energy seems to accelerate the ongoing expansion of space. Telescopes gather distant light to reveal ancient cosmic historical events.,Google
"Civil engineering focuses on designing and constructing our built environment. Engineers meticulously plan public infrastructure like roads, bridges, and dams. Structural analysis ensures buildings can safely withstand various external forces. Materials science dictates the selection of steel, concrete, or wood. Geotechnical engineers carefully study soil properties before laying any foundations. Surveying provides accurate topographical data for planning massive construction projects. Environmental engineering addresses pollution control and clean water supply management. Transportation engineering optimizes the flow of heavy traffic across cities. Urban planning integrates engineered infrastructure with surrounding local community needs. Sustainable design principles minimize the ecological impact of new construction.",Google
Mechanical engineering involves the design of physical machines and systems. Kinematics studies the complex motion of interconnected moving mechanical parts. Thermodynamics is widely applied to design highly efficient combustion engines. Fluid mechanics helps engineers design better pumps and massive turbines. Computer aided design software allows rapid virtual prototyping and testing. Manufacturing processes shape raw solid materials into useful finished products. Robotics combines mechanical design with advanced electronics and computer programming. HVAC systems provide comfortable heating and cooling for large buildings. Quality control ensures all manufactured products meet strict safety standards. Aerospace engineering applies mechanical principles to construct complex flying aircraft.,Google
"Electrical engineering deals with electricity, complex electronics, and electromagnetism applications. Power engineering focuses on generating and distributing electricity to consumers. Circuit design involves selecting proper resistors, capacitors, and active transistors. Microelectronics crams billions of transistors onto tiny silicon computer chips. Signal processing manipulates electrical signals for clearer communication and transmission. Control systems automate machinery by utilizing continuous internal feedback loops. Telecommunications engineering builds vast networks for transmitting digital data globally. Renewable energy systems harvest power from endless solar and wind. Electric motors efficiently convert electrical energy into useful mechanical rotation. Battery technology is crucial for portable electronics and electric vehicles.",Google
Software engineering applies engineering principles to write complex computer programs. Algorithms are step by step instructions for solving specific problems. Data structures efficiently organize information for quick storage and retrieval. Object oriented programming organizes code into reusable functional data modules. Version control systems track ongoing changes across collaborative programming projects. Debugging identifies and fixes logical errors within written source code. Testing verifies that the software meets all initial user requirements. Agile methodologies promote iterative development and continuous feedback from clients. Cybersecurity engineering protects sensitive data from unauthorized hacking and theft. Cloud computing provides scalable processing power over internet network connections.,Google
"Chemical engineering transforms raw materials into highly valuable commercial products. Process design scales up laboratory chemical reactions for mass production. Thermodynamics helps optimize energy usage within large industrial manufacturing plants. Separation processes purify mixtures using distillation, filtration, or chemical extraction. Reactor design controls the precise conditions for safe chemical transformations. Materials engineering develops new plastics, tough alloys, and lightweight composites. Biochemical engineering applies chemical principles to complex living biological systems. Pharmaceutical engineering focuses on manufacturing safe and effective medical drugs. Safety engineering prevents dangerous chemical spills and disastrous factory explosions. Environmental regulations strictly govern the safe disposal of chemical waste.",Google
Biomedical engineering merges engineering mechanics with medical and biological sciences. Engineers design advanced artificial organs replacing failing human body parts. Prosthetics provide functional limb replacements for amputees using smart materials. Medical imaging devices like MRI machines allow noninvasive internal diagnostics. Biosensors detect specific chemical markers within human blood or tissue. Tissue engineering grows new functional biological tissue inside laboratory environments. Drug delivery systems target medications exactly where they are needed. Biomechanics studies the intricate physical forces exerted by human bodies. Rehabilitation engineering creates helpful devices to assist patients with disabilities. Bioinformatics uses powerful computers to analyze complex biological genomic data.,Google
Aerospace engineering designs vehicles that operate within and beyond atmospheres. Aerodynamics optimizes the physical shape of aircraft to minimize drag. Propulsion systems like jet engines generate the necessary forward thrust. Structural engineering ensures lightweight materials can survive intense flight stresses. Avionics encompasses all the electronic systems utilized aboard an aircraft. Orbital mechanics mathematically predict the complex trajectories of orbiting satellites. Spacecraft must endure extreme temperatures and radiation in outer space. Life support systems are critical for sustaining human astronaut survival. Wind tunnels provide controlled environments testing tiny physical scale models. The aerospace industry constantly pushes the boundaries of modern technology.,Google
Industrial engineering optimizes complex operational processes within systems and organizations. The primary goal is eliminating waste of time and money. Operations research uses advanced math to improve human decision making. Supply chain management coordinates the efficient flow of global goods. Ergonomics designs comfortable workplaces to prevent worker fatigue and injury. Quality assurance programs minimize defects during the standard manufacturing process. Facility layout planning maximizes efficiency on the crowded factory floor. Inventory control ensures materials are available exactly when actually needed. Project management techniques keep complex engineering tasks moving strictly forward. Automation replaces repetitive manual labor with efficient robotic machine systems.,Google
Environmental engineering protects human populations from harmful adverse environmental effects. Water treatment plants purify drinking water to meet safety standards. Wastewater management effectively treats sewage before releasing it safely outdoors. Air pollution control systems scrub toxic emissions from factory smokestacks. Solid waste management designs secure landfills and advanced recycling facilities. Hazardous waste requires specialized handling to prevent dangerous toxic leaks. Environmental impact assessments evaluate the ecological consequences of proposed projects. Remediation cleans up soil and water contaminated by industrial activities. Sustainable engineering strives to minimize resource consumption and carbon footprints. Climate change mitigation requires massive innovative engineering solutions on Earth.,Google
Agricultural engineering applies technology to massively improve global farming practices. Tractors and harvesters heavily mechanize the physically demanding planting processes. Irrigation systems efficiently deliver essential water to vast crop fields. Precision agriculture utilizes GPS technology for highly targeted fertilizer application. Greenhouses provide carefully controlled environments extending the natural growing season. Soil conservation techniques prevent terrible erosion and maintain nutrient levels. Food engineering develops methods for safely processing and packaging harvests. Bioenergy production creates usable renewable fuels directly from agricultural waste. Animal housing systems ensure proper ventilation and optimal livestock welfare. Drones monitor crop health and identify potential pest infestations early.,Google
"Viruses are microscopic infectious agents requiring a living host cell to replicate. They consist of genetic material, either DNA or RNA, enclosed within a protective protein coat called a capsid. Unlike true living organisms, viruses cannot generate energy or synthesize proteins independently. Once inside a suitable host, they hijack cellular machinery to produce numerous viral copies. This process often destroys the infected cell, releasing new viruses to continue the dangerous cycle. The human immune system constantly battles these invaders using specialized white blood cells. Vaccines provide a safe way to train our defenses against specific threats before actual infection. Antiviral medications can help manage symptoms and slow replication.",Google
"Fungi represent a diverse kingdom of life completely distinct from plants and animals. Unlike green plants, fungi cannot perform photosynthesis and must obtain nutrients by absorbing dissolved organic matter. They secrete powerful digestive enzymes into their immediate environment to break down complex materials. Mushrooms are merely the temporary reproductive structures of much larger hidden networks. Thread-like structures called hyphae form massive underground webs known as mycelium. Fungi play a critically essential ecological role as primary decomposers, recycling vital nutrients back into the local ecosystem. Some fungi form highly beneficial symbiotic relationships with plant roots, greatly enhancing their water absorption. Other fungal species can cause superficial or serious infections.",Google
"Marine biology focuses on the immense variety of life inhabiting our global ocean ecosystems. Phytoplankton form the crucial foundation of almost all marine food webs, generating massive amounts of atmospheric oxygen. Coral reefs are incredibly diverse underwater structures built by tiny colonial marine invertebrates. These delicate reef ecosystems provide vital shelter and breeding grounds for countless fish species. Deep sea environments host unique organisms adapted to extreme crushing pressures and total darkness. Bioluminescence allows some deep water predators to attract unsuspecting prey or communicate effectively. Whales are massive marine mammals that undertake incredibly long annual migrations across global ocean basins. Ocean acidification and rising sea temperatures currently pose severe threats to fragile marine biodiversity worldwide.",Google
"The endocrine system utilizes chemical messengers called hormones to carefully regulate bodily functions. Glands secrete these potent hormones directly into the bloodstream for transport to specific target organs. The pituitary gland acts as the master control center, situated at the base of the brain. It releases hormones that stimulate other peripheral glands, including the thyroid and adrenal glands. The thyroid regulates overall cellular metabolism and significantly influences physical growth and human development. Adrenal glands produce adrenaline and cortisol, managing our body's immediate response to acute stress. Insulin and glucagon, secreted by the pancreas, work continuously to maintain stable blood sugar levels. Hormonal imbalances can lead to significant health issues requiring careful medical therapeutic intervention.",Google
"The muscular system allows for voluntary movement, structural posture maintenance, and internal blood circulation. Skeletal muscles attach directly to bones via strong tendons, working in opposing pairs to facilitate movement. When a muscle contracts, it actively pulls on the bone, creating mechanical force and physical motion. Smooth muscles line internal hollow organs like the stomach and intestines, operating completely unconsciously. They manage involuntary vital processes like digestion and regulating arterial blood pressure. Cardiac muscle is uniquely found only within the heart, continuously pumping blood without ever suffering fatigue. Cellular energy is absolutely required for any muscle fiber to contract. Regular physical exercise strengthens muscle fibers and significantly improves overall cardiovascular bodily health.",Google
"The excretory system is responsible for removing toxic metabolic waste products from the human body. The kidneys are bean shaped organs that continuously filter our entire blood supply multiple times daily. They remove excess water, salts, and dangerous urea, forming a fluid waste product known as urine. Ureters transport this newly formed urine from the kidneys directly down to the muscular bladder. The bladder safely stores the urine until it can be voluntarily expelled from the body. Nephrons are the microscopic functional filtration units packed by the millions inside each kidney. Maintaining proper hydration is absolutely crucial for optimal kidney function. Dialysis is a medical procedure required when kidneys completely fail to filter blood naturally.",Google
"The respiratory system facilitates the essential exchange of vital oxygen and waste carbon dioxide gases. Air enters through the nose, traveling down the trachea toward the expansive lungs. The trachea branches into two main bronchi, which further divide into increasingly smaller internal bronchioles. At the end of these tiny tubes are millions of microscopic air sacs called the alveoli. This is the precise location where oxygen diffuses into the surrounding network of delicate blood capillaries. Simultaneously, carbon dioxide moves from the circulating blood into the lungs to be exhaled. The diaphragm is a large dome shaped muscle that contracts to draw air inwards. Smoking severely damages delicate lung tissue and significantly reduces overall respiratory system efficiency.",Google
"The nervous system relies on specialized sensory organs to perceive the external surrounding environment. The eyes detect incoming light, focusing images onto the retina to generate electrical optic nerve signals. Ears capture vibrating sound waves, translating them into neural impulses within the delicate inner fluid cochlea. Olfactory receptors in the upper nasal cavity chemically detect airborne molecules, providing our vital sense of smell. Taste buds on the tongue differentiate between sweet, sour, salty, bitter, and savory umami flavors. The skin is our largest sensory organ, packed with specialized nerve endings detecting pressure and temperature. Pain receptors provide critical warning signals to protect the body from tissue damage. These integrated human senses allow us to navigate the world safely.",Google
"Symbiosis describes the close, long term biological interactions between two different species living closely together. Mutualism occurs when both participating organisms derive significant benefits from their shared cooperative relationship. A classic example is the relationship between flowering plants and their dedicated insect pollinators. Commensalism describes a situation where one species benefits while the other remains largely completely unaffected. An example is small birds building protective nests securely hidden within the branches of large trees. Parasitism happens when one organism benefits strictly at the damaging expense of its chosen unfortunate host. Ticks and tapeworms are common parasites that steal necessary nutrients and transmit diseases. Understanding these complex relationships is absolutely vital for maintaining our delicate natural ecological balance.",Google
The cell membrane is a crucial biological barrier separating the internal cell from its external environment. It is composed of a flexible double layer of lipid molecules called a phospholipid bilayer. This semipermeable membrane strictly controls the movement of various substances entering and exiting the cell. Small uncharged molecules like oxygen easily diffuse directly through the lipid bilayer without using energy. Larger molecules and vital ions require specialized transport proteins embedded within the membrane to gain cellular entry. Active transport mechanisms utilize cellular energy to pump specific substances against their natural concentration gradient. The membrane also contains important receptor proteins allowing cells to communicate chemically. It perfectly maintains necessary internal cellular balance and overall structural stability.,Google
"Plasma is often considered the fourth fundamental state of matter, distinct from solids, liquids, and gases. It is an ionized gas consisting of freely moving positive ions and negatively charged unattached electrons. Because of these free charges, plasma is highly electrically conductive and responds strongly to external magnetic fields. It is incredibly abundant in the universe, comprising the glowing interior of stars like our sun. Lightning bolts and glowing neon signs are common terrestrial examples of plasma generated by strong electrical energetic discharges. Scientists are actively trying to contain superheated plasma within magnetic fields to achieve controlled nuclear fusion. This complex technology could potentially provide a clean and virtually limitless future global power energy source.",Google
"Einstein's special theory of relativity revolutionized our understanding of fast moving objects nearing the speed of light. It postulates that the laws of physics are identical for all observers in uniform non-accelerating motion. The speed of light in a vacuum is an absolute constant, regardless of the observer's relative velocity. As an object approaches light speed, its mass effectively increases, requiring infinite energy to accelerate it further. Time dilation implies that moving clocks tick measurably slower relative to a completely stationary external observer. Length contraction means objects appear physically shortened in their exact direction of rapid forward movement. The famous mass energy equivalence equation links an object's mass directly to its massive inherent rest energy.",Google
"Fluid statics is the specific branch of physics studying fluids completely at rest in stable equilibrium. Pressure in a static fluid increases strictly with depth due to the heavy weight of the fluid above. This immense pressure acts equally in all directions on any object fully submerged within the deep liquid. Pascal's principle states that pressure applied to an enclosed fluid is transmitted undiminished throughout the container. This fundamental concept is the operating basis for powerful hydraulic lifts and heavy machinery braking systems. Archimedes principle explains buoyancy, stating that the upward force equals the weight of the displaced fluid. A floating object displaces a volume of fluid exactly equal to its own total physical mass.",Google
"Solid state physics investigates the rigid properties of matter, focusing primarily on highly structured crystalline solids. The regular geometric arrangement of atoms within a crystal lattice heavily dictates its physical and electrical characteristics. Energy band theory explains why certain solid materials act as conductive metals, insulators, or versatile semiconductors. Electrons in metals move freely within conduction bands, allowing for excellent electrical and thermal heat conductivity. Semiconductors like silicon have a small energy gap, enabling precise control over their internal electrical conductive flow. Doping introduces specific chemical impurities into a semiconductor to drastically alter its electronic properties. This foundational science directly enabled the invention of the transistor and modern digital computing microchips globally.",Google
"Particle physics explores the absolute fundamental building blocks of our universe and their complex core interactions. The Standard Model is the theoretical framework describing these elementary subatomic particles and their governing forces. Quarks combine tightly to form protons and massive neutrons, interacting via the strong nuclear binding force. Leptons, including the familiar electron and elusive neutrino, interact primarily through the weak force and electromagnetism. Gauge bosons, like the photon and gluon, act as the vital force carriers mediating these fundamental interactions. The Higgs boson, discovered at the massive Large Hadron Collider, gives subatomic particles their inherent physical mass. Physicists continue searching for new particles to explain lingering mysteries like dark matter and quantum gravity.",Google
"String theory is a complex theoretical framework attempting to unify all fundamental forces of modern physics. It proposes that elementary particles are not zero dimensional points, but tiny, vibrating one dimensional strings. The specific vibrational pattern of a string determines the mass and charge of the resulting particle. To remain mathematically consistent, string theory requires the existence of several extra spatial dimensions beyond our familiar three. These extra hidden dimensions are theorized to be curled up and compacted into infinitesimally small microscopic spaces. It aims to successfully reconcile the smooth geometry of general relativity with the inherent randomness of quantum mechanics. Despite its elegance, string theory currently lacks direct experimental empirical verification.",Google
"Geophysics applies the principles of physics to study the Earth's internal structure and complex dynamic processes. Seismology analyzes the propagation of seismic waves generated by massive earthquakes traveling through the deep interior. By measuring how these waves refract, scientists map the distinct boundaries between the crust, mantle, and core. The Earth's magnetic field is generated by the complex churning motion of liquid iron within the outer core. This protective magnetosphere deflects dangerous solar wind and harmful cosmic radiation away from our fragile atmosphere. Gravity surveys detect hidden variations in subterranean rock density, aiding in the discovery of underground mineral deposits. Geophysics is absolutely essential for understanding plate tectonics and locating valuable energy resources.",Google
"Astrophysics dictates that stars are massive spheres of superheated plasma held tightly together by immense gravity. In their intensely hot cores, hydrogen atoms constantly fuse into heavier helium, releasing staggering amounts of energy. This outward radiation pressure perfectly balances the inward crushing gravitational pull, keeping the star remarkably stable. The exact mass of a star determines its surface temperature, luminous brightness, and ultimate evolutionary fate. Less massive stars like our sun will eventually expand into red giants before shrinking into dense white dwarfs. Extremely massive stars consume nuclear fuel rapidly and end their spectacular lives in violent supernova explosions. These massive cosmic detonations forge the heavy elemental materials necessary for forming new rocky planets.",Google
"Heat engines operate on the fundamental principles of thermodynamics to convert thermal energy into useful mechanical work. They typically function by moving a working fluid between a very hot reservoir and a cold sink. As the hot pressurized gas expands within a cylinder, it forcibly pushes a moving piston outwards. The second law of thermodynamics strictly dictates that no heat engine can ever be one hundred percent efficient. Some thermal energy will always be inevitably lost to the surrounding environment as unrecoverable waste heat. The theoretical Carnot cycle describes the absolute maximum possible thermodynamic efficiency any engine could ever achieve. Modern internal combustion engines utilize these exact principles to reliably power automobiles and large industrial machinery.",Google
"Diffraction is a fascinating optical phenomenon where light waves bend around the sharp edges of physical obstacles. When light passes through a narrow slit, it dramatically spreads out and creates a distinct interference pattern. Constructive interference produces bright visual fringes where overlapping wave peaks perfectly align and multiply their intensity. Destructive interference creates dark gaps where opposing wave peaks and troughs effectively cancel each other completely out. The amount of diffraction depends heavily on the specific wavelength of light relative to the small slit size. This core principle proves conclusively that light fundamentally travels as an oscillating continuous wave. Diffraction heavily limits the maximum possible resolving power of optical microscopes and advanced astronomical observation telescopes.",Google
"Materials engineering focuses on understanding and manipulating the microscopic structure of solid physical materials. Engineers carefully study how the atomic arrangement affects macroscopic properties like tensile strength, hardness, and thermal conductivity. By tightly controlling manufacturing processes, they can dramatically enhance the inherent performance characteristics of metals and durable ceramics. Alloys are created by strategically mixing different metallic elements to achieve highly specific desirable material properties. Polymers are long chain synthetic molecules engineered for flexibility, low weight, and excellent chemical corrosion resistance. Composites combine two totally different structural materials to create a remarkably strong and exceptionally lightweight finished product. Selecting the perfect material is critical for guaranteeing the safety and longevity of any engineered physical structure.",Google
"Naval architecture is the specialized engineering discipline dedicated to designing safe and efficient marine surface vessels. Engineers must carefully calculate complex buoyancy and stability to ensure massive ships remain upright in heavy stormy seas. Hydrodynamic hull design minimizes water resistance, drastically improving fuel efficiency and overall top cruising speed. Structural analysis is absolutely essential to ensure the hull can easily withstand enormous pounding ocean wave forces. Marine engineers design the complex internal propulsion systems, large electrical generators, and vital life support networks. Submarines require highly specialized structural pressure hulls to survive the crushing depths of the deep dark ocean. Modern shipbuilding utilizes massive prefabricated steel modules securely welded together in giant dry docks safely.",Google
"Nuclear engineering harnesses the immense atomic power locked within the dense nucleus of heavy radioactive elements. Engineers design massive commercial nuclear reactors that safely control the continuous chain reaction of uranium fission. The immense heat generated by this process boils water to spin enormous steam turbines generating clean electricity. Radiation shielding is paramount to protect local plant workers and the surrounding environment from harmful high energy emissions. Managing dangerous radioactive waste requires highly secure, long term underground storage solutions designed to last for millennia. Safety systems feature multiple redundant backups to strictly prevent catastrophic core meltdowns under any conceivable circumstance. Researchers are currently developing advanced fusion reactors hoping to unlock practically infinite clean global energy.",Google
"Audio engineering applies scientific principles to the precise recording, mixing, and reproduction of complex acoustic sound. Engineers utilize specialized microphones to accurately capture the delicate nuances of live vocal performances and instruments. Digital audio workstations allow for the meticulous editing and creative manipulation of recorded sound waves on computers. Equalization adjusts the exact balance of specific frequency ranges to improve overall clarity and tonal pleasantness. Dynamic range compression carefully controls the varying volume levels, ensuring quieter sounds remain fully audible and present. Acoustic treatment in recording studios actively minimizes unwanted room reverberation and prevents harsh echoing audio reflections. Audio engineers are essential for producing modern music, television broadcasts, and immersive cinematic movie soundtracks daily.",Google
"Traffic engineering optimizes the safe and efficient movement of large vehicles and pedestrians along busy roadways. Engineers carefully analyze massive volumes of local traffic data to identify dangerous congestion patterns and bottlenecks. They design highly complex synchronized intersection signal timings to significantly improve the continuous flow of commuting vehicles. Geometric road design determines the safest lane widths, necessary turning radii, and appropriate highway merge ramp lengths. Intelligent transportation systems utilize connected roadside sensors and dynamic message signs to manage traffic in real time. Pedestrian safety is prioritized through the strategic placement of bright crosswalks, raised speed bumps, and protective physical barriers. Proper traffic engineering drastically reduces commute times and prevents thousands of tragic highway accidents.",Google
"Petroleum engineering is dedicated to the complex exploration and efficient extraction of valuable underground hydrocarbon resources. Geologists and engineers collaborate to precisely locate deep subterranean oil and natural gas reservoir traps. Drilling engineers design incredibly robust drill strings and thick steel casing to penetrate miles into solid bedrock. Reservoir engineers utilize advanced fluid dynamics to maximize the total amount of oil recovered from the porous rock. High pressure hydraulic fracturing techniques can effectively stimulate production in previously inaccessible tight shale gas formations. Production engineers manage the complex surface facilities that carefully separate the extracted crude oil, gas, and dirty water. The industry faces massive challenges balancing energy demands with strict environmental regulations and sustainability.",Google
"Textile engineering applies rigorous scientific principles to the complicated design and manufacturing of versatile functional fabrics. Engineers develop highly advanced synthetic polymer fibers with specialized properties like extreme durability or intense water resistance. They continuously optimize the massive mechanical spinning and automated weaving processes to drastically increase industrial factory production speed. Chemical finishing treatments can effectively make fabrics highly flame retardant, strongly antimicrobial, or completely resistant to staining. Medical textiles are engineered to be perfectly biocompatible for use in life saving artificial arteries and surgical sutures. Smart textiles seamlessly integrate flexible electronics directly into comfortable clothing to monitor vital health biometrics. Sustainable textile engineering strictly focuses on minimizing heavy water usage and toxic chemical pollution.",Google
"Optical engineering involves the intricate design and precise manufacturing of devices that cleverly manipulate visible light. Engineers meticulously design complex curved glass lens systems for powerful astronomical telescopes and tiny smartphone cameras. Fiber optics allow for the incredibly fast transmission of digital data over massive transcontinental underwater internet cables. Laser engineering develops intense, highly focused light beams utilized heavily in precision surgical procedures and industrial metal cutting. Optical sensors detect minute physical changes in light intensity to measure exact distances or complex chemical compositions. Holography uses advanced interference patterns to create stunningly realistic three dimensional projected visual images in empty space. The field is absolutely essential for modern high speed telecommunications and advanced medical imaging.",Google
"Mining engineering is strictly focused on the safe, efficient, and highly profitable extraction of valuable underground minerals. Engineers meticulously plan the massive intricate layouts of deep subterranean tunnels and incredibly steep open pit mines. Geotechnical analysis is absolutely essential to prevent catastrophic tunnel cave-ins and deadly unpredictable rock wall failures. Ventilation systems must reliably provide clean breathing air and forcefully extract toxic explosive gases from deep shafts. Explosives engineering calculates the precise chemical charges required to shatter hard solid rock beds safely and efficiently. Heavy machinery, like massive automated haul trucks, transports millions of tons of extracted raw ore to the surface. Post mining land reclamation efforts aim to fully restore the damaged natural environment responsibly.",Google
"Mechatronics represents the synergistic integration of mechanical engineering, complex electronics, and intelligent computer software programming. This multidisciplinary field is highly responsible for designing advanced automated systems and incredibly complex modern industrial robots. Sensors collect vital real time environmental data, which is rapidly processed by powerful internal microcontrollers and smart microprocessors. The software then precisely commands mechanical actuators and electrical motors to perform highly specific complex physical tasks. Anti lock braking systems in modern automobiles are a perfect everyday example of brilliant functional mechatronic design. Mechatronics engineers create the incredibly precise robotic arms utilized extensively on fast paced automotive factory assembly lines. The rapidly growing field is driving massive innovation in autonomous vehicles and smart manufacturing.",Google
"Osmoregulation is the active process by which living organisms maintain the delicate balance of water and dissolved electrolytes within their bodies. This critical biological function prevents cells from swelling and bursting in hypotonic environments or severely shrinking in hypertonic conditions. The human kidneys play a remarkably central role in this complex regulatory system by continuously filtering circulating blood volume. Specialized microscopic units called nephrons diligently reabsorb essential necessary nutrients while efficiently excreting excess water and concentrated metabolic waste products. Antidiuretic hormone directly controls the exact permeability of the collecting ducts, carefully determining the final volume of urine produced daily.",Google
"Enzymes are specialized protein molecules that act as biological catalysts. They significantly accelerate complex chemical reactions within living cells everywhere. Without these molecules, metabolic processes would occur far too slowly. Each specific enzyme features a unique shape with an active site. This exact site perfectly matches its intended chemical target substrate. Temperature and acidity levels heavily influence overall enzymatic activity efficiency. Extreme heat can denature the protein, destroying its functional shape. Inhibitors can attach to enzymes, temporarily blocking their normal functioning. Understanding enzyme mechanics remains vital for advancing modern pharmaceutical medicine.",Google
"Cellular respiration is the process cells utilize to extract usable energy. It converts biochemical energy from nutrients into adenosine triphosphate molecules. This complex procedure typically requires the continuous presence of atmospheric oxygen. Glycolysis initiates the cycle by breaking down glucose within the cytoplasm. The Krebs cycle extracts additional high energy electrons inside the mitochondria. The electron transport chain produces the vast majority of required energy. Carbon dioxide and water are released as unavoidable metabolic waste products. This biological machinery directly powers virtually every physical action we undertake. Without continuous energy production, all complex cellular functions would rapidly cease.",Google
"Mitosis is the biological process driving cellular replication and physical tissue growth. A parent cell carefully divides to produce two genetically identical daughter cells. Before division begins, the active cell must accurately duplicate its DNA genome. Genetic material tightly condenses into visible paired structures called human chromosomes. During the metaphase stage, these chromosomes perfectly align along the cellular equator. Spindle fibers forcefully pull the separated sister chromatids toward opposite cell poles. Two completely new nuclear envelopes subsequently form around the divided genetic material. Cytokinesis physically splits the remaining cytoplasm to complete the cellular reproduction cycle. This mechanism constantly replaces damaged tissue and allows multicellular organisms to grow.",Google
"Deoxyribonucleic acid is the essential molecule carrying detailed genetic instructions for life. Its iconic double helix structure resembles a microscopic twisted biological spiral staircase. The sturdy backbone consists of alternating deoxyribose sugar and strong phosphate groups. Four specific nitrogenous bases form the internal rungs connecting these twin backbones. Adenine always pairs securely with thymine, while cytosine constantly bonds with guanine. This strict base pairing perfectly ensures incredibly accurate genetic replication during division. The specific sequence of these nucleotide bases effectively determines an organism's physical traits. Minute changes or random mutations in this sequence powerfully drive slow evolutionary adaptation. Understanding DNA has revolutionized modern forensics, human medicine, and advanced agricultural engineering worldwide.",Google
"The complex endocrine system uses powerful chemical messengers to regulate bodily functions. Glands secrete these vital hormones directly into the flowing human blood system. The pituitary gland acts as the primary master control center inside the brain. It commands other essential glands like the thyroid and the adrenal glands. The thyroid strictly regulates cellular metabolic rates and strongly influences physical growth. Adrenal glands produce sudden adrenaline surges, managing our biological response to acute stress. The pancreas secretes insulin to carefully maintain perfectly stable blood sugar levels. Hormonal imbalances can severely disrupt normal physiology and cause serious medical conditions. Doctors prescribe synthetic replacements to effectively restore necessary delicate biological equilibrium.",Google
"Ecosystems rely upon the continuous flow of energy and vital chemical nutrients. Photosynthetic plants capture radiant solar energy, acting as foundational primary biological producers. Herbivores consume these green plants to acquire necessary daily calories and structural materials. Carnivores hunt and ingest these herbivores to sustain their own daily biological requirements. When these diverse organisms die, busy decomposers rapidly break down their physical remains. Fungi and soil bacteria efficiently recycle trapped essential nutrients back into the dirt. This critical natural recycling process successfully guarantees the continued survival of future generations. Protecting absolute ecological stability remains a paramount challenge for modern human environmental conservation.",Google
"The immune system relentlessly defends the body against invading infectious microscopic pathogens. White blood cells actively patrol the circulatory system seeking dangerous foreign intruders. Macrophages engulf and safely destroy harmful bacteria through a process called phagocytosis. B cells manufacture specific protein antibodies designed to completely neutralize particular viruses. T cells directly attack infected tissue to prevent further dangerous viral replication. Once an infection is defeated, specialized memory cells remain within the bloodstream. They provide rapid immune responses during any subsequent repeated viral pathogen exposures. Vaccines leverage this natural memory mechanism to safely induce long lasting bodily immunity. Adequate sleep and proper nutrition strongly support these complex defensive biological protective networks.",Google
"Transpiration is the process where plants naturally lose internal liquid water continuously. Moisture evaporates directly through microscopic specialized pores located on the green leaves. These tiny regulatory openings are scientifically referred to as the plant stomata. As water exits the foliage, it creates a powerful negative internal pressure vacuum. This force pulls fresh groundwater rapidly through the strong rigid xylem plant tissues. The continuous flow delivers vital dissolved nutrients to every living upper plant cell. Transpiration simultaneously provides crucial cooling, protecting delicate leaves from severe external solar heat. If excessive moisture loss ever occurs, protective stomata quickly close to prevent wilting.",Google
"Neurons are specialized cells transmitting information throughout the entire living human body. They communicate across microscopic structural gaps known scientifically as complex chemical synapses. An electrical impulse reaches the far end of a long nerve axon fiber. This triggers the immediate release of chemical messengers called potent neurotransmitters. These critical molecules rapidly cross the synaptic gap to reach the neighboring cell. They bind tightly to specific protein receptors on the adjacent neuronal dendrite surface. This action can trigger or entirely prevent a completely new electrical impulse. Precise regulation of these neurotransmitters heavily dictates our mood, memory, and movement. Many drugs drastically alter this delicate chemical communication.",Google
The kinetic theory of gases describes the macroscopic properties of gases using microscopic particle motion. It assumes that a gas consists of numerous incredibly tiny molecules in constant random movement. These microscopic particles frequently collide with each other and the solid walls of their container. The continuous physical bombardment against the rigid container walls effectively generates measurable gas pressure. Temperature is directly proportional to the average kinetic energy of these rapidly moving microscopic molecules. Heating a confined gas causes its constituent particles to move significantly faster and strike harder. This increased energetic molecular activity naturally results in a proportionally higher internal gas pressure. This theory perfectly explains observable classical thermodynamic behavior.,Google
Electromagnetic induction is the physical process of generating electrical current using a changing magnetic field. Michael Faraday famously discovered this foundational principle during his incredibly groundbreaking nineteenth century experiments. Moving a permanent magnet through a coiled copper wire immediately induces a measurable electrical voltage. The generated current heavily depends on the exact speed of the changing internal magnetic flux. Increasing the total number of wire coils proportionally increases the final induced electrical voltage output. This vital concept is the primary operating mechanism behind virtually all modern massive electrical generators. It allows power plants to efficiently convert raw mechanical rotational energy into usable electrical power.,Google
"General relativity drastically revolutionized our modern understanding of how absolute massive gravity fundamentally operates universally. Albert Einstein proposed that gravity is not simply a traditional pulling force between solid objects. Instead, massive bodies like enormous stars and dense planets physically warp the flexible surrounding spacetime. Smaller moving objects naturally follow the most direct curved path across this heavily distorted spacetime fabric. This underlying geometric curvature perfectly explains the complex elliptical orbits of planets circling our central sun. The theory accurately predicts the slight bending of starlight as it closely passes massive celestial bodies. It also remarkably predicted the existence of infinitely dense black holes and rippling cosmic gravitational waves. General relativity completely remains a crucial pillar of modern theoretical astrophysics and advanced observational cosmology today.",Google
"Interference occurs when two traveling waves interact to form a new combined physical pattern. Constructive interference happens when the crests of two identical waves align exactly together. This alignment produces a totally new wave featuring a much higher overall amplitude. Destructive interference occurs when the crest of one wave perfectly meets the trough of another. This interaction completely cancels both waves out, resulting in a totally flat zero amplitude. Thomas Young demonstrated this using light in his famous double slit laboratory experiment. The resulting pattern of bright and dark fringes proved light fundamentally travels as waves. Noise canceling headphones utilize destructive acoustic principles to actively silence ambient background noises.",Google
"Radioactive decay is the process where an unstable atomic nucleus releases energetic radiation. This quantum event transforms the parent atom into a completely different element. Alpha decay involves emitting a heavy particle containing two protons and two neutrons. Beta decay occurs when a neutron changes into a proton, immediately releasing an electron. Gamma radiation emits high frequency electromagnetic waves without changing the atomic mass. The time required for half of a radioactive sample to decay is its half life. Scientists use this predictable rate for accurate carbon dating of ancient artifacts. Understanding radioactivity is absolutely vital for managing commercial nuclear power generation safely.",Google
"Bernoulli's principle is a fundamental concept in fluid dynamics and classical mechanics. It states that an increase in fluid speed occurs simultaneously with a pressure decrease. This relationship derives directly from the universal law of conservation of energy. When a flowing fluid speeds up through a constricted pipe, its internal pressure drops. This phenomenon perfectly explains how airplane wings successfully generate massive upward aerodynamic lift. The curved upper wing surface forces passing air to travel noticeably faster. This rapidly moving air creates a powerful low pressure zone directly above the wing. Relatively higher air pressure pushing underneath successfully lifts the heavy aircraft into the sky.",Google
"Quantum entanglement is a bizarre phenomenon occurring at the tiny subatomic level. When two quantum particles become completely entangled, their physical states permanently link together. Measuring the exact properties of the first particle immediately determines the second particle's exact state. This instantaneous connection persists regardless of the immense physical distance completely separating them. Albert Einstein famously described this deeply unsettling effect as spooky action at a distance. Modern laboratory experiments have consistently proven that this strange quantum behavior is incredibly real physically. Entanglement violates our classical intuitive understanding of strictly localized physical universe mechanical interactions. It crucially forms the foundational basis for ultra secure advanced modern quantum cryptography networks.",Google
"The Doppler effect describes the noticeable shift in wave frequencies from moving active sources. As a loud siren approaches, the emitted sound waves compress very tightly together. This physical compression artificially raises the audible pitch perceived by a stationary street listener. Once the speeding vehicle passes, those identical sound waves quickly stretch far apart. This sudden acoustic stretching immediately lowers the perceived frequency and the audible pitch. The Doppler effect completely applies equally to both traveling sound and bright traveling light. Astronomers brilliantly use visual light shifting to measure how fast distant massive galaxies recede. This continuous galactic recession physically supports the expanding modern Big Bang universe theory perfectly.",Google
"Entropy is a thermodynamic concept measuring the physical disorder within any closed system. The second law of thermodynamics dictates that total cosmic entropy must continuously increase. This natural principle beautifully explains why hot coffee always cools down over time. Thermal energy naturally flows from concentrated hot areas to completely spread out colder environments. Highly structured physical systems inevitably break down into much more chaotic and randomized states. Reversing this continuous natural decay strictly requires the massive input of new external energy. This universal tendency precisely defines the one way forward directional arrow of human time. Ultimately, maximum entropy mathematically signifies the predicted absolutely freezing heat death of our universe.",Google
"Black holes are astronomical regions where gravitational forces possess massive overwhelming physical strength. Their crushing gravity is so intensely powerful that literally nothing can ever successfully escape. Even fast traveling light particles are permanently trapped deep inside their core completely forever. The absolute boundary surrounding a massive black hole is perfectly called the event horizon. Once any matter crosses this invisible threshold, it is lost completely eternally. At the exact center lies the infinitely dense and microscopic theoretical quantum singularity. Supermassive black holes exist at the spinning center of almost all large galaxies. Astronomers study them by observing how their massive gravity violently bends surrounding bright starlight.",Google
Aerodynamics engineering optimizes how moving solid objects efficiently pass through viscous atmospheric air. Designing sleek modern commercial airplane wings requires carefully minimizing complex unpredictable turbulent drag forces. Engineers heavily utilize computational fluid dynamics software systems to effectively simulate complex airflows. A properly designed curved airfoil cleanly splits the oncoming rapidly approaching wind current smoothly. This physically creates a significantly lower atmospheric air pressure directly above the solid wing. The relatively higher air pressure pushing constantly underneath generates the necessary vertical aerodynamic lift. Continuous rigorous testing within massive expensive wind tunnels guarantees safe and reliable flight. Aerospace materials like lightweight carbon fiber composites further enhance overall performance and fuel efficiency.,Google
"Civil engineers meticulously design and supervise the massive construction of critical modern transportation infrastructure. Suspension bridges brilliantly span incredibly wide rivers by hanging heavy roadway decks from steel cables. These thick braided cables gracefully transfer immense physical weight to towering anchored concrete support pillars. Engineers must carefully calculate every potential physical stress, including violent winds and heavy traffic loads. Resonance caused by rhythmic movements can dangerously amplify vibrations, threatening the entire rigid structural integrity. Deep strong foundations are absolutely crucial for preventing catastrophic collapses during highly unpredictable severe earthquakes. Regular rigorous structural inspections identify microscopic metal fatigue cracks long before they become truly critical.",Google
"Semiconductor engineering drives the incredibly rapid advancement of all modern complex electronic computing digital devices. Microchips brilliantly integrate billions of microscopic solid state transistors onto incredibly tiny flat silicon wafers. These microscopic electronic components act as extremely fast switches processing complex binary computer code instructions. Photolithography beautifully uses highly focused ultraviolet light to precisely etch microscopic intricate functional circuit patterns. Cleanrooms strictly prevent even a single microscopic dust particle from completely ruining the delicate manufacturing process. Engineers continuously push physical boundaries to make electronic transistors significantly smaller, faster, and much cheaper. Quantum tunneling currently poses a massive physical barrier to further extreme transistor miniaturization efforts globally.",Google
"Mechanical engineers rely on complex gear systems to efficiently transmit rotational power inside heavy machinery. Gears are durable toothed metal wheels that interlock to transfer torque between spinning parallel shafts. Connecting a small drive gear to a much larger one significantly increases the output torque. However, this specific mechanical arrangement simultaneously decreases the final rotational speed of the larger gear. Lubrication is absolutely essential to minimize damaging friction and extreme heat between the grinding metallic teeth. Planetary gearboxes offer incredibly compact and highly efficient power transmission for advanced modern automatic vehicle transmissions. Precision manufacturing strictly ensures these components operate smoothly without generating excessive mechanical noise or intense vibration.",Google
"Chemical engineering uses fractional distillation columns to separate complex liquid chemical mixtures. This crucial industrial process depends entirely on the different boiling points of combined fluids. Crude oil is intensely heated until it vaporizes and rises through the tall column. As the hot vapor slowly ascends, the internal column temperature gradually begins to decrease. Heavier hydrocarbon molecules with high boiling points quickly condense into thick liquids near the bottom. Lighter valuable molecules like gasoline and jet fuel condense much higher up in cooler sections. Engineers meticulously optimize precise operating temperatures and pressures to maximize the overall profitable product yield.",Google
Software engineering applies logical principles to expertly design secure and highly complex modern computer applications. Efficient algorithms are carefully written step by step instructions for quickly solving very specific difficult problems. Data structures perfectly organize vast amounts of digital information for incredibly fast memory storage and retrieval. Object oriented programming perfectly intelligently organizes complex raw source code into highly reusable modular software components. Version control tracking systems allow massive global teams to collaborate perfectly seamlessly on giant codebase projects. Thorough automated testing quickly identifies and safely eliminates deeply hidden logical errors before public commercial release.,Google
Biomedical engineering brilliantly merges classical mechanics with advanced human biology to create life saving modern medical technologies. Modern advanced artificial prosthetics provide highly functional and incredibly dexterous limb replacements for severely injured trauma amputees. Myoelectric robotic arms utilize sensitive external skin electrodes to perfectly detect tiny residual electrical muscle firing signals. These weak signals command powerful miniature battery operated motors to smoothly perform complex and delicate finger movements. Biocompatible materials like lightweight titanium are strictly required to completely prevent painful surgical rejection by the body. Engineers continuously strive to deeply integrate these synthetic devices directly perfectly into the peripheral nervous human system.,Google
"Environmental engineers design massive complex public water treatment facilities to ensure absolutely safe urban drinking water globally. Raw water from local rivers first undergoes heavy coarse filtration to easily remove large floating environmental debris. Chemical coagulants are then added to quickly force tiny suspended dirt particles to safely clump heavily together. These heavy dirty clumps safely settle to the very bottom of massive undisturbed concrete sedimentation holding tanks. The clean clear water is subsequently filtered through deep thick layers of extremely fine sand and charcoal. Finally, powerful chemical chlorine or intense ultraviolet light completely destroys any remaining dangerous infectious microscopic biological pathogens.",Google
"Industrial engineering focuses on optimizing complex organizational processes to absolutely eliminate wasted time, money, and valuable materials. Advanced mathematical operations research effectively helps massive global corporations make incredibly highly efficient and highly profitable logistical decisions. Supply chain management perfectly coordinates the continuous smooth global flow of necessary raw materials and finished consumer goods. Ergonomic workplace design carefully perfectly safely completely successfully fully entirely minimizes dangerous worker fatigue and prevents repetitive strain injuries. Statistical quality assurance programs systematically minimize manufacturing defects during the fast paced modern automated factory production process. Just in time inventory control guarantees necessary components are available exactly when they are actually physically needed.",Google
Materials engineering explores the fascinating physical properties of completely new synthetic structures at the incredibly tiny nanoscale. Nanotechnology involves the direct manipulation of individual atoms and molecules to purposefully create highly advanced functional materials. Carbon nanotubes are microscopic rolled cylindrical structures exhibiting truly extraordinary physical tensile strength and extreme electrical conductivity. These tiny incredibly strong carbon structures could potentially perfectly beautifully safely revolutionize massive modern aerospace engineering construction entirely. Engineers are also developing highly targeted microscopic nanobots to safely deliver concentrated toxic chemotherapy drugs inside patients. This absolutely revolutionary microscopic technology promises to completely drastically fundamentally change the incredibly complex future of advanced manufacturing.,Google
"Osmoregulation is the active process by which living organisms maintain the delicate balance of water and dissolved electrolytes within their bodies. This critical biological function prevents cells from swelling and bursting in hypotonic environments or severely shrinking in hypertonic conditions. The human kidneys play a remarkably central role in this complex regulatory system by continuously filtering circulating blood volume. Specialized microscopic units called nephrons diligently reabsorb essential necessary nutrients while efficiently excreting excess water and concentrated metabolic waste products. Antidiuretic hormone directly controls the exact permeability of the collecting ducts, carefully determining the final volume of urine produced daily.",Google
"Enzymes are specialized protein molecules that act as biological catalysts. They significantly accelerate complex chemical reactions within living cells everywhere. Without these molecules, metabolic processes would occur far too slowly. Each specific enzyme features a unique shape with an active site. This exact site perfectly matches its intended chemical target substrate. Temperature and acidity levels heavily influence overall enzymatic activity efficiency. Extreme heat can denature the protein, destroying its functional shape. Inhibitors can attach to enzymes, temporarily blocking their normal functioning. Understanding enzyme mechanics remains vital for advancing modern pharmaceutical medicine.",Google
"Cellular respiration is the process cells utilize to extract usable energy. It converts biochemical energy from nutrients into adenosine triphosphate molecules. This complex procedure typically requires the continuous presence of atmospheric oxygen. Glycolysis initiates the cycle by breaking down glucose within the cytoplasm. The Krebs cycle extracts additional high energy electrons inside the mitochondria. The electron transport chain produces the vast majority of required energy. Carbon dioxide and water are released as unavoidable metabolic waste products. This biological machinery directly powers virtually every physical action we undertake. Without continuous energy production, all complex cellular functions would rapidly cease.",Google
"Mitosis is the biological process driving cellular replication and physical tissue growth. A parent cell carefully divides to produce two genetically identical daughter cells. Before division begins, the active cell must accurately duplicate its DNA genome. Genetic material tightly condenses into visible paired structures called human chromosomes. During the metaphase stage, these chromosomes perfectly align along the cellular equator. Spindle fibers forcefully pull the separated sister chromatids toward opposite cell poles. Two completely new nuclear envelopes subsequently form around the divided genetic material. Cytokinesis physically splits the remaining cytoplasm to complete the cellular reproduction cycle. This mechanism constantly replaces damaged tissue and allows multicellular organisms to grow.",Google
"Deoxyribonucleic acid is the essential molecule carrying detailed genetic instructions for life. Its iconic double helix structure resembles a microscopic twisted biological spiral staircase. The sturdy backbone consists of alternating deoxyribose sugar and strong phosphate groups. Four specific nitrogenous bases form the internal rungs connecting these twin backbones. Adenine always pairs securely with thymine, while cytosine constantly bonds with guanine. This strict base pairing perfectly ensures incredibly accurate genetic replication during division. The specific sequence of these nucleotide bases effectively determines an organism's physical traits. Minute changes or random mutations in this sequence powerfully drive slow evolutionary adaptation. Understanding DNA has revolutionized modern forensics, modern medicine, and agricultural engineering worldwide.",Google
"The complex endocrine system uses powerful chemical messengers to regulate bodily functions. Glands secrete these vital hormones directly into the flowing human blood system. The pituitary gland acts as the primary master control center inside the brain. It commands other essential glands like the thyroid and the adrenal glands. The thyroid strictly regulates cellular metabolic rates and strongly influences physical growth. Adrenal glands produce sudden adrenaline surges, managing our biological response to acute stress. The pancreas secretes insulin to carefully maintain perfectly stable blood sugar levels. Hormonal imbalances can severely disrupt normal physiology and cause serious medical conditions. Doctors prescribe synthetic replacements to effectively restore necessary delicate biological equilibrium.",Google
"Ecosystems rely upon the continuous flow of energy and vital chemical nutrients. Photosynthetic plants capture radiant solar energy, acting as foundational primary biological producers. Herbivores consume these green plants to acquire necessary daily calories and structural materials. Carnivores hunt and ingest these herbivores to sustain their own daily biological requirements. When these diverse organisms die, busy decomposers rapidly break down their physical remains. Fungi and soil bacteria efficiently recycle trapped essential nutrients back into the dirt. This critical natural recycling process successfully guarantees the continued survival of future generations. Protecting absolute ecological stability remains a paramount challenge for modern human environmental conservation.",Google
"The immune system relentlessly defends the body against invading infectious microscopic pathogens. White blood cells actively patrol the circulatory system seeking dangerous foreign intruders. Macrophages engulf and safely destroy harmful bacteria through a process called phagocytosis. B cells manufacture specific protein antibodies designed to completely neutralize particular viruses. T cells directly attack infected tissue to prevent further dangerous viral replication. Once an infection is defeated, specialized memory cells remain within the bloodstream. They provide rapid immune responses during any subsequent repeated viral pathogen exposures. Vaccines leverage this natural memory mechanism to safely induce long lasting bodily immunity. Adequate sleep and proper nutrition strongly support these complex defensive biological protective networks.",Google
"Transpiration is the process where plants naturally lose internal liquid water continuously. Moisture evaporates directly through microscopic specialized pores located on the green leaves. These tiny regulatory openings are scientifically referred to as the plant stomata. As water exits the foliage, it creates a powerful negative internal pressure vacuum. This force pulls fresh groundwater rapidly through the strong rigid xylem plant tissues. The continuous flow delivers vital dissolved nutrients to every living upper plant cell. Transpiration simultaneously provides crucial cooling, protecting delicate leaves from severe external solar heat. If excessive moisture loss ever occurs, protective stomata quickly close to prevent wilting.",Google
"Neurons are specialized cells transmitting information throughout the entire living human body. They communicate across microscopic structural gaps known scientifically as complex chemical synapses. An electrical impulse reaches the far end of a long nerve axon fiber. This triggers the immediate release of chemical messengers called potent neurotransmitters. These critical molecules rapidly cross the synaptic gap to reach the neighboring cell. They bind tightly to specific protein receptors on the adjacent neuronal dendrite surface. This action can trigger or entirely prevent a completely new electrical impulse. Precise regulation of these neurotransmitters heavily dictates our mood, memory, and movement. Many drugs drastically alter this delicate chemical communication.",Google
The kinetic theory of gases describes the macroscopic properties of gases using microscopic particle motion. It assumes that a gas consists of numerous incredibly tiny molecules in constant random movement. These microscopic particles frequently collide with each other and the solid walls of their container. The continuous bombardment against the rigid container walls effectively generates measurable gas pressure. Temperature is directly proportional to the average kinetic energy of these rapidly moving microscopic molecules. Heating a confined gas causes its constituent particles to move significantly faster and strike harder. This increased energetic molecular activity naturally results in a proportionally higher internal gas pressure. This theory perfectly explains observable classical thermodynamic behavior.,Google
Electromagnetic induction is the physical process of generating electrical current using a changing magnetic field. Michael Faraday famously discovered this foundational principle during his incredibly groundbreaking nineteenth century experiments. Moving a permanent magnet through a coiled copper wire immediately induces a measurable electrical voltage. The generated current heavily depends on the exact speed of the changing internal magnetic flux. Increasing the total number of wire coils proportionally increases the final induced electrical voltage output. This vital concept is the primary operating mechanism behind virtually all modern massive electrical generators. It allows power plants to efficiently convert raw mechanical rotational energy into usable electrical power.,Google
"General relativity revolutionized our understanding of how gravity operates. Albert Einstein proposed that gravity is not simply a pulling force between solid objects. Instead, massive bodies like stars and planets physically warp the flexible surrounding spacetime. Smaller moving objects naturally follow the most direct curved path across this distorted spacetime fabric. This underlying geometric curvature perfectly explains the complex elliptical orbits of planets circling our sun. The theory accurately predicts the slight bending of starlight as it closely passes massive celestial bodies. It also remarkably predicted the existence of infinitely dense black holes and rippling cosmic gravitational waves. General relativity completely remains a crucial pillar of modern theoretical astrophysics and cosmology today.",Google
"Interference occurs when two traveling waves interact to form a new combined physical pattern. Constructive interference happens when the crests of two identical waves align exactly together. This alignment produces a totally new wave featuring a much higher overall amplitude. Destructive interference occurs when the crest of one wave perfectly meets the trough of another. This interaction completely cancels both waves out, resulting in a totally flat zero amplitude. Thomas Young demonstrated this using light in his famous double slit laboratory experiment. The resulting pattern of bright and dark fringes proved light fundamentally travels as waves. Noise canceling headphones utilize destructive acoustic principles to actively silence ambient background noises.",Google
"Radioactive decay is the process where an unstable atomic nucleus releases energetic radiation. This quantum event transforms the parent atom into a completely different element. Alpha decay involves emitting a heavy particle containing two protons and two neutrons. Beta decay occurs when a neutron changes into a proton, immediately releasing an electron. Gamma radiation emits high frequency electromagnetic waves without changing the atomic mass. The time required for half of a radioactive sample to decay is its half life. Scientists use this predictable rate for accurate carbon dating of ancient artifacts. Understanding radioactivity is absolutely vital for managing commercial nuclear power generation safely.",Google
"Bernoulli's principle is a fundamental concept in fluid dynamics and classical mechanics. It states that an increase in fluid speed occurs simultaneously with a pressure decrease. This relationship derives directly from the universal law of conservation of energy. When a flowing fluid speeds up through a constricted pipe, its internal pressure drops. This phenomenon perfectly explains how airplane wings successfully generate massive upward aerodynamic lift. The curved upper wing surface forces passing air to travel noticeably faster. This rapidly moving air creates a powerful low pressure zone directly above the wing. Relatively higher air pressure pushing underneath successfully lifts the heavy aircraft into the sky.",Google
"Quantum entanglement is a bizarre phenomenon occurring at the tiny subatomic level. When two quantum particles become completely entangled, their physical states permanently link together. Measuring the exact properties of the first particle immediately determines the second particle's exact state. This instantaneous connection persists regardless of the immense physical distance completely separating them. Albert Einstein famously described this deeply unsettling effect as spooky action at a distance. Modern laboratory experiments have consistently proven that this strange quantum behavior is incredibly real physically. Entanglement violates our classical intuitive understanding of strictly localized physical universe mechanical interactions. It crucially forms the foundational basis for ultra secure advanced modern quantum cryptography networks.",Google
"The Doppler effect describes the noticeable shift in wave frequencies from moving active sources. As a loud siren approaches, the emitted sound waves compress very tightly together. This physical compression artificially raises the audible pitch perceived by a stationary street listener. Once the speeding vehicle passes, those identical sound waves quickly stretch far apart. This sudden acoustic stretching immediately lowers the perceived frequency and the audible pitch. The Doppler effect completely applies equally to both traveling sound and bright traveling light. Astronomers brilliantly use visual light shifting to measure how fast distant massive galaxies recede. This continuous galactic recession physically supports the expanding modern Big Bang universe theory perfectly.",Google
"Entropy is a thermodynamic concept measuring the physical disorder within any closed system. The second law of thermodynamics dictates that total cosmic entropy must continuously increase. This natural principle beautifully explains why hot coffee always cools down over time. Thermal energy naturally flows from concentrated hot areas to completely spread out colder environments. Highly structured physical systems inevitably break down into much more chaotic and randomized states. Reversing this continuous natural decay strictly requires the massive input of new external energy. This universal tendency precisely defines the one way forward directional arrow of human time. Ultimately, maximum entropy mathematically signifies the predicted absolutely freezing heat death of our universe.",Google
"Black holes are astronomical regions where gravitational forces possess massive overwhelming physical strength. Their crushing gravity is so intensely powerful that literally nothing can ever successfully escape. Even fast traveling light particles are permanently trapped deep inside their core completely forever. The absolute boundary surrounding a massive black hole is perfectly called the event horizon. Once any matter crosses this invisible threshold, it is lost completely eternally. At the exact center lies the infinitely dense and microscopic theoretical quantum singularity. Supermassive black holes exist at the spinning center of almost all large galaxies. Astronomers study them by observing how their massive gravity violently bends surrounding bright starlight.",Google
Aerodynamics engineering optimizes how moving solid objects efficiently pass through viscous atmospheric air. Designing sleek modern commercial airplane wings requires carefully minimizing complex unpredictable turbulent drag forces. Engineers heavily utilize computational fluid dynamics software systems to effectively simulate complex airflows. A properly designed curved airfoil cleanly splits the oncoming rapidly approaching wind current smoothly. This physically creates a significantly lower atmospheric air pressure directly above the solid wing. The relatively higher air pressure pushing constantly underneath generates the necessary vertical aerodynamic lift. Continuous rigorous testing within massive expensive wind tunnels guarantees safe and reliable flight. Aerospace materials like lightweight carbon fiber composites further enhance overall performance and fuel efficiency.,Google
"Civil engineers meticulously design and supervise the massive construction of critical modern transportation infrastructure. Suspension bridges brilliantly span incredibly wide rivers by hanging heavy roadway decks from steel cables. These thick braided cables gracefully transfer immense physical weight to towering anchored concrete support pillars. Engineers must carefully calculate every potential physical stress, including violent winds and heavy traffic loads. Resonance caused by rhythmic movements can dangerously amplify vibrations, threatening the entire rigid structural integrity. Deep strong foundations are absolutely crucial for preventing catastrophic collapses during highly unpredictable severe earthquakes. Regular rigorous structural inspections identify microscopic metal fatigue cracks long before they become truly critical.",Google
"Semiconductor engineering drives the incredibly rapid advancement of all modern complex electronic computing digital devices. Microchips brilliantly integrate billions of microscopic solid state transistors onto incredibly tiny flat silicon wafers. These microscopic electronic components act as extremely fast switches processing complex binary computer code instructions. Photolithography beautifully uses highly focused ultraviolet light to precisely etch microscopic intricate functional circuit patterns. Cleanrooms strictly prevent even a single microscopic dust particle from completely ruining the delicate manufacturing process. Engineers continuously push physical boundaries to make electronic transistors significantly smaller, faster, and much cheaper. Quantum tunneling currently poses a massive physical barrier to further extreme transistor miniaturization efforts globally.",Google
"Mechanical engineers rely on complex gear systems to efficiently transmit rotational power inside heavy machinery. Gears are durable toothed metal wheels that interlock to transfer torque between spinning parallel shafts. Connecting a small drive gear to a much larger one significantly increases the output torque. However, this specific mechanical arrangement simultaneously decreases the final rotational speed of the larger gear. Lubrication is absolutely essential to minimize damaging friction and extreme heat between the grinding metallic teeth. Planetary gearboxes offer incredibly compact and highly efficient power transmission for advanced modern automatic vehicle transmissions. Precision manufacturing strictly ensures these components operate smoothly without generating excessive mechanical noise or intense vibration.",Google
"Chemical engineering uses fractional distillation columns to separate complex liquid chemical mixtures. This crucial industrial process depends entirely on the different boiling points of combined fluids. Crude oil is intensely heated until it vaporizes and rises through the tall column. As the hot vapor slowly ascends, the internal column temperature gradually begins to decrease. Heavier hydrocarbon molecules with high boiling points quickly condense into thick liquids near the bottom. Lighter valuable molecules like gasoline and jet fuel condense much higher up in cooler sections. Engineers meticulously optimize precise operating temperatures and pressures to maximize the overall profitable product yield.",Google
Software engineering applies logical principles to expertly design secure and highly complex modern computer applications. Efficient algorithms are carefully written step by step instructions for quickly solving very specific difficult problems. Data structures perfectly organize vast amounts of digital information for incredibly fast memory storage and retrieval. Object oriented programming perfectly intelligently organizes complex raw source code into highly reusable modular software components. Version control tracking systems allow massive global teams to collaborate perfectly seamlessly on giant codebase projects. Thorough automated testing quickly identifies and safely eliminates deeply hidden logical errors before public commercial release.,Google
Biomedical engineering brilliantly merges classical mechanics with advanced human biology to create life saving modern medical technologies. Modern advanced artificial prosthetics provide highly functional and incredibly dexterous limb replacements for severely injured trauma amputees. Myoelectric robotic arms utilize sensitive external skin electrodes to perfectly detect tiny residual electrical muscle firing signals. These weak signals command powerful miniature battery operated motors to smoothly perform complex and delicate finger movements. Biocompatible materials like lightweight titanium are strictly required to completely prevent painful surgical rejection by the body. Engineers continuously strive to deeply integrate these synthetic devices directly perfectly into the peripheral nervous human system.,Google
"Environmental engineers design massive complex public water treatment facilities to ensure absolutely safe urban drinking water globally. Raw water from local rivers first undergoes heavy coarse filtration to easily remove large floating environmental debris. Chemical coagulants are then added to quickly force tiny suspended dirt particles to safely clump heavily together. These heavy dirty clumps safely settle to the very bottom of massive undisturbed concrete sedimentation holding tanks. The clean clear water is subsequently filtered through deep thick layers of extremely fine sand and charcoal. Finally, powerful chemical chlorine or intense ultraviolet light completely destroys any remaining dangerous infectious microscopic biological pathogens.",Google
"Industrial engineering focuses on optimizing complex organizational processes to absolutely eliminate wasted time, money, and valuable materials. Advanced mathematical operations research effectively helps massive global corporations make incredibly highly efficient and highly profitable logistical decisions. Supply chain management perfectly coordinates the continuous smooth global flow of necessary raw materials and finished consumer goods. Ergonomic workplace design carefully and effectively minimizes dangerous worker fatigue and actively prevents repetitive strain injuries. Statistical quality assurance programs systematically minimize manufacturing defects during the fast paced modern automated factory production process. Just in time inventory control guarantees necessary components are available exactly when they are actually physically needed.",Google
Materials engineering explores the fascinating physical properties of completely new synthetic structures at the incredibly tiny nanoscale. Nanotechnology involves the direct manipulation of individual atoms and molecules to purposefully create highly advanced functional materials. Carbon nanotubes are microscopic rolled cylindrical structures exhibiting truly extraordinary physical tensile strength and extreme electrical conductivity. These tiny incredibly strong carbon structures could potentially revolutionize massive modern aerospace engineering construction entirely. Engineers are also developing highly targeted microscopic nanobots to safely deliver concentrated toxic chemotherapy drugs inside patients. This absolutely revolutionary microscopic technology promises to drastically change the complex future of advanced manufacturing forever.,Google